R,ST,M,EBal?,Photo,Cond,Ci,Trmmol,VpdL,CTleaf,Area,BLC_1,StmRat,BLCond,Tair,Tleaf,TBlk,CO2R,CO2S,H2OR,H2OS,RH_R,RH_S,Flow,PARi,PARo,Press,CsMch,HsMch,StableF,BLCslope,BLCoffst,f_parin,f_parout,alphaK,Status,fda,Trans,Tair_K,Twall_K,R(W/m2),Tl-Ta,SVTleaf,h2o_i,h20diff,CTair,SVTair,CndTotal,vp_kPa,VpdA,CndCO2,Ci_Pa,Ci/Ca,RHsfc,C2sfc,AHs/Cs
1,POPED,A,0,27.42967116,0.326274002,495.1494921,3.869826602,1.301127571,25.30251312,6,1.420000017,1,2.840000033,24.28202057,25.30251312,24.06853104,699.8219376,654.878006,13.48171329,19.17489815,44.69443512,63.56842422,400.0175476,1500.003174,0.108117178,100.9836502,-2.626976252,0.031433374,0.666666687,-0.219565243,2.737391472,1,0,0.159999996,111115,0.666695913,0.003869827,298.4525131,297.4320206,240.0005024,0.683419626,3.237478778,32.05943508,12.88453693,24.79226685,3.140510174,0.292652552,1.936351207,1.204158966,0.185657989,50.00200311,0.756094246,63.00413628,641.839254,0.026925476
2,POPED,A,0,26.75092215,0.268032447,482.6968512,2.823984504,1.132559058,25.22887611,6,1.420000017,1,2.840000033,24.52088547,25.22887611,24.0649147,700.0838623,665.7512817,17.40884018,20.72501183,56.83621216,67.66281891,500.358429,1500.559448,0.148164868,100.8812943,-4.098032475,0.063657433,0.666666687,-0.219565243,2.737391472,1,0,0.159999996,111115,0.833930715,0.002823985,298.3788761,297.6708855,240.0895064,1.272881386,3.223325074,31.95166258,11.22665075,24.87488079,3.156035971,0.244917697,2.090766016,1.065269955,0.154995003,48.69508308,0.725040814,67.0252526,653.0351745,0.027456213
3,POPED,A,0,24.6524882,0.239011307,468.7238797,3.336216014,1.489931279,25.71412277,6,1.420000017,1,2.840000033,24.37588692,25.71412277,24.06184578,699.4228745,659.1480865,13.17728996,18.09077263,43.459095,59.66390991,400.025177,1501.47168,0.174193338,101.0275879,-2.451473475,0.044210702,0.666666687,-0.219565243,2.737391472,1,0,0.159999996,111115,0.666708628,0.003336216,298.8641228,297.5258869,240.2354634,0.921012706,3.3175984,32.83853915,14.74776652,25.04500484,3.188219144,0.220457818,1.827667122,1.360552022,0.139341005,47.35404295,0.711105576,57.49383863,647.4294743,0.02189221
4,POPEND,A,0,29.60288999,0.274649441,456.1390943,5.016902417,1.961157608,26.04273033,6,1.420000017,1,2.840000033,24.67453575,26.04273033,24.05143547,700.0205078,660.5438232,8.242729187,14.17415714,26.51052284,45.58736801,500.296936,2000.119263,0.082088783,100.298172,-1.628787041,-0.894679189,1,-0.219565243,2.737391472,1,0,0.159999996,111115,0.833828227,0.005016902,299.1927303,297.8245358,320.0190749,0.982987298,3.382799659,33.72743084,19.55327369,25.35863304,3.24830197,0.250430884,1.421642051,1.826659919,0.158528791,45.74991734,0.690550844,45.84062129,646.4720271,0.020991084
5,POPEND,A,0,27.2003444,0.334194324,501.0550948,3.885750997,1.27859179,25.2009964,6,1.420000017,1,2.840000033,24.26458168,25.2009964,24.07538605,700.8774719,656.2513428,13.49151802,19.20825958,44.76607513,63.73474121,399.9949036,1500.161011,0.133147672,100.9663925,-2.626976252,0.031433374,1,-0.219565243,2.737391472,1,0,0.159999996,111115,0.666658173,0.003885751,298.3509964,297.4145817,240.0257564,0.68692082,3.217980466,31.87179799,12.66353841,24.73278904,3.129373763,0.299008751,1.939388677,1.189985087,0.189752311,50.58972537,0.763510963,63.51878165,643.3216017,0.026856439
6,POPEND,A,0,27.65812065,0.318792456,485.5649414,5.050987434,1.717431693,26.15820503,6,1.420000017,1,2.840000033,24.75241852,26.15820503,24.06296158,699.9925537,653.5478516,9.435393333,16.88489723,30.11670113,53.89467239,399.9489441,1500.296143,0.129138544,100.0032349,-1.065485954,0.070123933,1,-0.219565243,2.737391472,1,0,0.159999996,111115,0.666581573,0.005050987,299.308205,297.9024185,240.0473774,0.013835625,3.405976037,34.05865862,17.17376139,25.45531178,3.267021419,0.286619203,1.688544344,1.578477075,0.181774103,48.55806487,0.742967696,53.47989217,640.4005056,0.023097316
7,PILED,A,0,24.22183116,0.13374828,344.3472684,2.414451502,1.866003544,25.58538246,6,1.420000017,1,2.840000033,24.35747528,25.58538246,24.07323647,699.6121216,660.8948364,10.54174614,14.11148548,34.82250214,46.6144104,400.0930786,1501.172485,0.149169117,101.0773468,-1.242759943,0.0112994,1,-0.219565243,2.737391472,1,0,0.159999996,111115,0.666821798,0.002414452,298.7353825,297.5074753,240.1875923,1.416851697,3.292355056,32.57263037,18.46114489,24.97142887,3.174265405,0.127732773,1.426351512,1.747913893,0.08035249,34.80570827,0.521031864,44.57860537,649.3809379,0.016627766
8,PILED,A,0,23.42112604,0.091407022,232.6890447,1.397395787,1.529271956,25.47210312,6,1.420000017,1,2.840000033,24.27390289,25.47210312,24.06216049,701.6795044,665.2379761,15.45709133,17.51171112,50.4741745,57.18340302,400.9281921,1000.137817,0.212235749,99.41976929,4.441682339,0.12014842,1,-0.219565243,2.737391472,1,0,0.159999996,111115,0.668213654,0.001397396,298.6221031,297.4239029,160.0220472,1.003155314,3.270282236,32.8936816,15.38197048,24.87300301,3.155682332,0.088556772,1.741010279,1.414672052,0.055597191,23.13389114,0.349783165,53.52414518,654.1046945,0.019165063
9,PILED,A,0,23.8362699,0.131927025,349.7854608,1.950865009,1.510467995,26.74510956,6,1.420000017,1,2.840000033,24.58946228,26.74510956,24.05746841,700.524231,662.8238525,17.2099514,20.07797813,55.6796875,64.95867157,399.9325867,1499.651367,0.122134268,100.3815842,2.243192911,0.083390296,1,-0.219565243,2.737391472,1,0,0.159999996,111115,0.666554311,0.001950865,299.8951096,297.7394623,239.9442134,1.526115332,3.525927247,35.12524011,15.04726198,25.66728592,3.308395154,0.126070643,2.015459252,1.292935902,0.079300184,35.11201867,0.527720086,57.90077044,651.4932314,0.021184232
10,PILED,A,0,19.89473638,0.102192598,335.8017796,1.537451114,1.506176318,26.36226845,6,1.420000017,1,2.840000033,24.4615593,26.36226845,24.07248116,700.6694946,669.3555603,17.28581619,19.54175186,55.76477051,63.04251862,400.91745,1499.136597,0.002002202,99.33068085,3.109601498,0.127760649,0.666666687,-0.219565243,2.737391472,1,0,0.159999996,111115,0.66819575,0.001537451,299.5122684,297.6115593,239.8618501,1.776857839,3.447271835,34.7050056,15.16325374,25.41191387,3.258606861,0.098643093,1.941095517,1.317511344,0.061961302,33.3554194,0.501679226,56.64993448,659.8985554,0.017078921
11,PILEND,A,0,22.08391546,0.143277973,404.7107284,1.64273594,1.167804174,27.73217964,6,1.420000017,1,2.840000033,24.56132889,27.73217964,24.06683922,700.0909958,672.2824982,23.73283768,25.65234756,76.70847321,82.91264343,500.3139343,2001.151855,0.182201535,100.1151505,1.873966455,0.551652431,1,-0.219565243,2.737391472,1,0,0.159999996,111115,0.833856557,0.001642736,300.8821796,297.7113289,320.1842897,2.491627624,3.73599281,37.31695746,11.66460989,26.14675426,3.403671631,0.136396758,2.568188636,0.835482995,0.085840607,40.51767547,0.601995039,69.27569249,661.7848624,0.02311746
12,PILEND,A,0,25.08777912,0.179134661,418.0184041,2.634122722,1.52518317,27.04122925,6,1.420000017,1,2.840000033,24.54619598,27.04122925,24.06113052,699.8557129,667.6618042,17.45210266,20.54600334,56.61525726,66.65198517,500.3396606,1500.997803,0.114125758,100.3919144,2.333326578,0.09725672,1,-0.219565243,2.737391472,1,0,0.159999996,111115,0.833899434,0.002634123,300.1912292,297.696196,240.1596431,1.125529627,3.587835778,35.73829427,15.19229093,25.79371262,3.33328877,0.168506044,2.062652608,1.270636162,0.106222262,41.96566783,0.626093033,58.85447987,655.7362755,0.022517104
13,POPED,A,0,29.15213469,0.378412808,514.3926415,3.47763827,1.02208108,25.25935745,6,1.420000017,1,2.840000033,24.52684975,25.25935745,24.05514717,699.065918,661.3464355,17.80394936,21.8833065,58.09173203,71.40208435,500.304718,1499.031494,0.155171767,100.8575287,-4.098032475,0.063657433,0.666666687,-0.219565243,2.737391472,1,0,0.159999996,111115,0.833841197,0.003477638,298.4093575,297.6768497,239.8450337,0.925218043,3.229177293,32.01721612,10.13390962,24.8931036,3.159469634,0.333919991,2.207096213,0.952373421,0.212288036,51.8803706,0.777796044,71.29648974,647.4889069,0.032100085
14,POPED,A,0,26.46948012,0.339844614,507.5936423,3.866612737,1.253517639,25.06521034,6,1.420000017,1,2.840000033,24.25732994,25.06521034,24.07090378,700.1796265,656.6645508,13.511343,19.20019722,44.85061646,63.73464584,399.9792786,1500.682983,0.12213292,100.9647369,-2.626976252,0.031433374,1,-0.219565243,2.737391472,1,0,0.159999996,111115,0.666632131,0.003866613,298.2152103,297.4073299,240.109272,0.715456903,3.192060501,31.61559766,12.41540044,24.66127014,3.116028538,0.303523858,1.938542861,1.177485676,0.192662325,51.24905856,0.772987733,64.01273102,644.0822276,0.026306947
15,POPED,A,0,24.72091465,0.291462378,509.83278,3.137454866,1.162636948,26.46475983,6,1.420000017,1,2.840000033,24.64426422,26.46475983,24.05400085,700.6655884,668.5040283,19.18671989,22.86325264,62.15491867,74.06495667,500.3174438,1500.164551,0.180200398,100.8404312,-4.098032475,0.063657433,1,-0.219565243,2.737391472,1,0,0.159999996,111115,0.833862406,0.003137455,299.6147598,297.7942642,240.0263228,0.954814933,3.468177204,34.39272484,11.5294722,25.55451202,3.286326996,0.264334376,2.305540255,0.980786741,0.167449391,51.41175738,0.762647282,68.70114877,656.7528895,0.025859882
16,POPEND,A,0,30.90728944,0.365801684,499.2743625,3.477080207,1.052877695,25.42134285,6,1.420000017,1,2.840000033,24.51378822,25.42134285,24.07356453,698.9662476,659.1514893,17.80832481,21.88700867,58.15371323,71.47279358,500.3051147,1500.052979,0.099107943,100.8614655,-4.098032475,0.063657433,1,-0.219565243,2.737391472,1,0,0.159999996,111115,0.833841858,0.00347708,298.5713428,297.6637882,240.0084712,0.903502538,3.260433464,32.32585854,10.43884987,24.96756554,3.173534198,0.324061463,2.207555769,0.965978429,0.205916005,50.35754387,0.757450102,70.59515192,644.4596441,0.033856345
17,POPEND,A,0,27.52106907,0.412045148,535.3908618,3.666497067,0.99849125,25.85641861,6,1.420000017,1,2.840000033,24.69118881,25.85641861,24.04795456,701.0739746,665.1409302,18.98127556,23.2764225,61.31718826,75.19225311,500.2605286,1500.253784,0.081086837,100.8404541,-4.098032475,0.063657433,1,-0.219565243,2.737391472,1,0,0.159999996,111115,0.833767548,0.003666497,299.0064186,297.8411888,240.0406001,0.769200852,3.345696265,33.17811581,9.901693314,25.27380371,3.231954122,0.359837631,2.347205015,0.884749108,0.229070725,53.98905763,0.804928456,73.18024425,652.058732,0.030886766
18,POPEND,A,0,29.1875276,0.275500033,453.4098779,4.286834965,1.661643519,26.37708473,6,1.420000017,1,2.840000033,24.60893631,26.37708473,24.05370522,699.8807983,651.9018555,11.57685184,17.89280701,37.2557373,57.58126068,399.9519958,1501.55127,0.210225433,99.96439362,-2.04412365,0.062229417,1,-0.219565243,2.737391472,1,0,0.159999996,111115,0.66658666,0.004286835,299.5270847,297.7589363,240.2481978,0.365438577,3.450287121,34.51516082,16.62235381,25.49301052,3.27434635,0.251137887,1.788643603,1.485702747,0.158982103,45.3248435,0.695518618,54.91778896,638.0275027,0.025122968
19,PILED,A,0,19.62664518,0.113297113,378.1114668,1.325428884,1.186156878,26.7263546,6,1.420000017,1,2.840000033,24.46009064,26.7263546,24.07078934,699.5509033,674.9420166,21.70598412,23.25845909,70.80664825,75.87094879,500.3371277,2000.144409,0.074082635,100.4314575,0.118964195,0.5619753,1,-0.219565243,2.737391472,1,0,0.159999996,111115,0.833895213,0.001325429,299.8763546,297.6100906,320.0230983,2.78380773,3.522037824,35.0690701,11.81061101,25.59322262,3.293887538,0.108950704,2.335880946,0.958006592,0.06847179,37.97428571,0.560213259,66.64097586,665.6124495,0.019650155
20,PILED,A,0,20.92584701,0.137234883,400.4913348,2.069963666,1.528127667,26.52978325,6,1.420000017,1,2.840000033,24.48537445,26.52978325,24.08181,701.3681641,667.983429,16.62279701,19.6595974,53.5650444,63.3507843,400.9356079,1498.963989,0.24527505,99.35960388,2.949193478,0.11901927,0.666666687,-0.219565243,2.737391472,1,0,0.159999996,111115,0.668226013,0.002069964,299.6797832,297.6353745,239.8342329,1.478739197,3.481497477,35.03936551,15.37976811,25.50757885,3.277180842,0.130909076,1.95336981,1.323811032,0.082363926,39.79266038,0.599552799,56.95309094,658.0362835,0.018111337
21,PILED,A,0,21.01859384,0.101632491,313.0055427,1.647468051,1.622669862,26.7694416,6,1.420000017,1,2.840000033,24.51642609,26.7694416,24.0547905,700.238739,667.1405029,16.78724861,19.20527077,53.99684143,61.7745018,400.9461975,1501.595581,0.020022152,99.36381531,3.109601498,0.127760649,1,-0.219565243,2.737391472,1,0,0.159999996,111115,0.668243663,0.001647468,299.9194416,297.6664261,240.2552876,1.674712608,3.530978839,35.53586211,16.33059134,25.64293385,3.303618891,0.09812112,1.908308977,1.395309914,0.061631796,31.10142493,0.469174846,54.38396076,657.1492701,0.01739444
22,PILEND,A,0,22.97958373,0.174994767,428.865744,2.463551052,1.443904449,26.42997169,6,1.420000017,1,2.840000033,24.55137634,26.42997169,24.05750465,699.8338013,663.0020142,16.69156075,20.30327034,53.57037354,65.16189575,400.9513245,1501.153809,0.113124073,99.35170746,2.949193478,0.11901927,1,-0.219565243,2.737391472,1,0,0.159999996,111115,0.668252207,0.002463551,299.5799717,297.7013763,240.184604,1.300403756,3.461069024,34.83653288,14.53326254,25.49067402,3.273891947,0.164837812,2.017164575,1.256727371,0.103890438,42.60854394,0.646854361,59.58881562,652.0786206,0.020999403
23,PILEND,A,0,20.20222847,0.085159164,265.631854,1.444415001,1.689383994,26.76281738,6,1.420000017,1,2.840000033,24.47482872,26.76281738,24.06803513,699.6126709,667.9367065,16.39414597,18.51565933,52.87626648,59.71881485,400.9413452,1499.656372,0.125139952,99.38716888,2.093434811,0.150507689,1,-0.219565243,2.737391472,1,0,0.159999996,111115,0.668235575,0.001444415,299.9128174,297.6248287,239.9450142,1.772215583,3.529602955,35.51366836,16.99800902,25.61882305,3.298895887,0.082679955,1.840218961,1.458676926,0.051892137,26.40039794,0.397690157,52.23991799,658.3335347,0.016030822
24,PILEND,A,0,21.82713232,0.120174482,360.4646392,1.53661271,1.303310357,26.75325775,6,1.420000017,1,2.840000033,24.42029572,26.75325775,24.07110786,699.9623871,672.5495941,20.29393196,22.09581566,66.51361847,72.41931915,500.3630371,2000.519165,0.221251935,100.6664734,1.802745581,0.532247365,1,-0.219565243,2.737391472,1,0,0.159999996,111115,0.833938395,0.001536613,299.9032578,297.5702957,320.0830593,2.665306687,3.527618196,35.04263214,12.94681648,25.58677673,3.292627543,0.115295747,2.224307839,1.068319704,0.07248284,36.28670401,0.535967373,63.51154761,662.1740208,0.020935206
25,POPAD,A,0,13.10518237,0.541154038,305.8658004,8.625746239,1.897624733,24.07497025,6,1.420000017,1,2.840000033,24.47501183,24.07497025,24.06286812,380.2723389,360.8234558,0.652932346,10.88475227,2.162456989,36.04938126,500.3131714,999.5148926,0.036039434,102.0569,-0.87191534,0.054531351,1,-0.219565243,2.737391472,1,0,0.159999996,111115,0.833855286,0.008625746,297.2249702,297.6250118,159.9223792,-2.561445824,3.008488808,29.4785439,18.59379163,24.27499104,3.044806285,0.454542281,1.110864075,1.933942211,0.290778935,31.21571541,0.84768824,45.92833451,354.5938798,0.016974326
26,POPAD,A,0,16.70982499,0.471731296,281.6716391,8.025218549,1.98417822,24.19581795,6,1.420000017,1,2.840000033,24.45815468,24.19581795,24.06452179,379.7937927,356.3260803,0.725979745,10.25119209,2.406816483,33.98543549,500.3321838,999.0119629,0.201218575,102.0571213,-0.87191534,0.054531351,1,-0.219565243,2.737391472,1,0,0.159999996,111115,0.833886973,0.008025219,297.3458179,297.6081547,159.8419105,-2.266386362,3.030385375,29.69303207,19.44183997,24.32698631,3.054309523,0.40453671,1.046207155,2.008102368,0.258120753,28.74659664,0.790488417,42.70619955,348.3830298,0.020483579
27,POPAD,A,0,16.95595485,0.32079021,251.8720525,5.053977035,1.708844889,26.08451843,6,1.420000017,1,2.840000033,24.73815346,26.08451843,24.06760025,381.0949097,352.983252,9.370415688,16.82430649,29.93196297,53.74195862,399.9747925,1500.422363,0.214231983,99.99377441,-1.065485954,0.070123933,1,-0.219565243,2.737391472,1,0,0.159999996,111115,0.666624654,0.005053977,299.2345184,297.8881535,240.0675728,0.020662098,3.391170796,33.9138193,17.08951281,25.41133595,3.258494933,0.288233048,1.682325908,1.576169025,0.182812758,25.1856372,0.713552417,53.54467996,344.9232031,0.026321835
28,POPAND,A,0,17.91020506,0.360698372,260.3475528,5.269801072,1.639309323,25.25886345,6,1.420000017,1,2.840000033,24.41495132,25.25886345,24.06473541,380.156189,356.4269409,9.369974136,15.59069824,31.1176281,51.77661514,500.3572998,1500.060425,0.207227096,101.9693298,-1.242761135,0.011299387,1,-0.219565243,2.737391472,1,0,0.159999996,111115,0.833928833,0.005269801,298.4088634,297.5649513,240.0096626,-0.023816436,3.229082374,31.66719228,16.07649403,24.83690739,3.148891246,0.320049957,1.589773051,1.559118194,0.20332503,26.54746548,0.730437357,53.86394242,347.9132872,0.027728583
29,POPAND,A,0,13.16016123,0.62472849,317.1736451,4.350487343,0.832241839,25.29352379,6,1.420000017,1,2.840000033,24.56596756,25.29352379,24.0524025,379.3917847,361.7212219,18.7557621,23.84895134,61.00761795,77.57443237,500.2837219,1500.525879,0.330352426,100.7803726,-4.098032475,0.063657433,1,-0.219565243,2.737391472,1,0,0.159999996,111115,0.833806203,0.004350487,298.4435238,297.7159676,240.0841353,0.472795742,3.235748042,32.10692675,8.25797541,24.92974567,3.166383862,0.512083103,2.403506203,0.762877659,0.328568332,31.96487814,0.876845554,78.31058393,355.4655116,0.028992402
30,POPAND,A,0,17.05158713,0.569025488,290.3053691,4.937687095,1.023601979,24.83978081,6,1.420000017,1,2.840000033,24.29255104,24.83978081,24.07120323,379.8789978,351.6983948,13.8167038,21.06678009,45.7422905,69.74476624,400.0233154,1499.005371,0.105115801,100.9090805,-2.556865931,-0.002994269,1,-0.219565243,2.737391472,1,0,0.159999996,111115,0.666705526,0.004937687,297.9897808,297.442551,239.840854,0.188009545,3.149431387,31.21058453,10.14380444,24.56616592,3.098359425,0.474045265,2.125829408,0.972530017,0.30356207,29.29444786,0.825438425,72.19710994,343.5928869,0.035829476
31,PILAD,A,0,13.65083901,0.141194639,188.2419383,3.928974512,2.925584758,26.11079788,6,1.420000017,1,2.840000033,24.72702789,26.11079788,24.06505203,380.3695374,362.2940063,-0.07730414,4.612189293,-0.252277881,15.05163002,500.3764343,1500.641724,0.039043099,102.0902786,-1.53938055,0.104987398,1,-0.219565243,2.737391472,1,0,0.159999996,111115,0.833960724,0.003928975,299.2607979,297.8770279,240.1026704,0.602862001,3.396444448,33.26902908,28.65683979,25.41891289,3.259962641,0.134507411,0.47085969,2.789102951,0.084643406,19.21767193,0.519583363,16.35867992,355.8050513,0.006276181
32,PILAD,A,0,11.29091592,0.121189485,205.9789283,1.312939881,1.098411635,27.7102375,6,1.420000017,1,2.840000033,24.90537071,27.7102375,24.06299591,379.7711411,365.6286812,24.6816597,26.21776009,78.39057159,83.26932526,499.3882751,1999.883667,0.22324796,100.4203033,2.275480747,0.553283036,1,-0.219565243,2.737391472,1,0,0.159999996,111115,0.832313792,0.00131294,300.8602375,298.0553707,319.9813796,2.710266166,3.731207056,37.15590305,10.93814297,26.30780411,3.436207476,0.116229691,2.632795421,0.803412055,0.073073456,20.68446646,0.563355499,70.84237957,360.2615205,0.022202631
33,PILAD,A,0,9.484313813,0.111307816,215.1814932,2.061123387,1.884931787,24.2022419,6,1.420000017,1,2.840000033,24.54737473,24.2022419,24.06951141,380.3273926,364.972168,8.404977798,11.46130276,27.16933632,37.04899597,399.9902344,1498.531006,0.17519404,100.0428543,-1.890971184,0.127579957,1,-0.219565243,2.737391472,1,0,0.159999996,111115,0.666650391,0.002061123,297.3522419,297.6973747,239.7649556,1.812036943,3.031553229,30.30254634,18.84124359,24.37480831,3.063072886,0.107109871,1.146621442,1.916451444,0.067308582,21.52737078,0.589583295,38.89184039,360.4637794,0.010232995
34,PILAND,A,0,13.6838577,0.227341483,253.4383253,2.764347647,1.278576707,26.68469238,6,1.420000017,1,2.840000033,24.73441696,26.68469238,24.06255531,380.3620511,362.7494133,19.05554771,22.2967205,61.02758408,71.4078064,500.3210754,1998.716431,0.301329762,100.2315369,2.036133051,0.536561489,1,-0.219565243,2.737391472,1,0,0.159999996,111105,0.833868459,0.002764348,299.8346924,297.884417,319.7946218,2.073827462,3.513411271,35.0529522,12.75623169,25.70955467,3.316699805,0.210491664,2.234834563,1.081865241,0.132974033,25.40251284,0.698659504,65.31119247,356.2447627,0.025086939
35,PILAND,A,0,12.34364697,0.197502062,258.852035,1.87162649,0.991673209,25.37028313,6,1.420000017,1,2.840000033,24.68263245,25.37028313,24.06377983,380.1180115,369.8548279,21.0144825,22.45493126,67.75543976,72.39976501,762.09552,1498.531006,0.183197707,100.5961456,7.034770012,0.023002855,0,-0.219565243,2.737391472,1,0,0.159999996,111115,1.2701592,0.001871626,298.5202831,297.8326324,239.7649556,1.768713126,3.250552744,32.31289552,9.857964266,25.02645779,3.184696637,0.184660239,2.258879535,0.925817102,0.116501566,26.03951701,0.699874695,70.67272755,363.9872493,0.023966752
36,PILAND,A,0,9.849199732,0.131337237,233.5917532,1.683628231,1.307851129,26.64665604,6,1.420000017,1,2.840000033,24.58168411,26.64665604,24.05701637,380.4029236,364.7083435,19.42687225,21.89697266,62.87129974,70.86529541,400.0068665,1500.954346,0.010011061,100.3654938,2.531080246,0.090334952,1,-0.219565243,2.737391472,1,0,0.159999996,111115,0.666678111,0.001683628,299.796656,297.7316841,240.1526899,1.680565313,3.505551602,34.92785688,13.03088422,25.61417007,3.297985106,0.125531949,2.197700473,1.100284633,0.07895917,23.44455165,0.640489195,63.29828274,360.0265057,0.017316431
37,POPAD,A,0,15.5350067,0.387002134,275.0717142,4.929965629,1.423029306,25.06549072,6,1.420000017,1,2.840000033,24.3735714,25.06549072,24.06671333,379.8091431,353.9511719,10.3041153,17.55189323,33.90862656,57.7594986,400.9589233,1501.149292,0.110120386,100.7916641,-0.605867147,0.033796623,1,-0.219565243,2.737391472,1,0,0.159999996,111115,0.668264872,0.004929966,298.2154907,297.5235714,240.1838814,0.176414806,3.192113833,31.67041502,14.11852179,24.71953106,3.126896097,0.340590436,1.769084528,1.357811569,0.216603129,27.72493583,0.777145934,59.77678532,346.5665737,0.02679522
38,POPAD,A,0,16.49113707,0.342210003,260.8744917,4.653169184,1.498126442,25.1592617,6,1.420000017,1,2.840000033,24.39296913,25.1592617,24.07185555,380.4416504,353.3041992,10.13975143,16.9845047,33.32843399,55.8265152,400.9614868,1499.252441,0.036039058,100.789978,-0.951345205,0.03966935,1,-0.219565243,2.737391472,1,0,0.159999996,111115,0.668269145,0.004653169,298.3092617,297.5429691,239.8803853,0.307288814,3.209994298,31.84834802,14.86384332,24.77611542,3.137482618,0.305409262,1.711867855,1.425614762,0.19387788,26.29353429,0.738384917,57.30576529,345.4651025,0.027355505
39,POPAD,A,0,21.17382182,0.630688975,284.4070695,3.944082594,0.74870558,24.99311256,6,1.420000017,1,2.840000033,24.36755562,24.99311256,24.05559731,379.1846008,352.1272888,19.49485779,24.11059761,64.16381073,79.35568237,500.3299866,1501.220337,0.067070775,100.7717285,-4.098032475,0.063657433,1,-0.219565243,2.737391472,1,0,0.159999996,111115,0.833883311,0.003944083,298.1431126,297.5175556,240.1952485,0.700640071,3.178372177,31.54031615,7.429718541,24.68033409,3.119580946,0.516081016,2.429666597,0.689914349,0.331202321,28.66019199,0.807682558,80.17264787,342.062268,0.049627261
40,POPAND,A,0,22.9445952,0.464978128,256.3001144,3.579106344,0.877347998,25.47102165,6,1.420000017,1,2.840000033,24.4923172,25.47102165,24.05853462,379.6026611,350.5823364,19.55282402,23.74304581,63.87821579,77.56748199,500.3258972,1498.584106,0.013013989,100.7757874,-4.098032475,0.063657433,1,-0.219565243,2.737391472,1,0,0.159999996,111115,0.833876495,0.003579106,298.6210217,297.6423172,239.7734517,0.837752325,3.270072133,32.4489862,8.705940393,24.98166943,3.176204331,0.399560249,2.392724135,0.783480196,0.254879903,25.82884583,0.731069674,76.27856567,339.6755748,0.051525071
41,POPAND,A,0,16.51703252,0.412526971,274.0495093,5.209410052,1.421735745,25.11861229,6,1.420000017,1,2.840000033,24.42532158,25.11861229,24.06567574,380.675415,353.2040405,10.00591373,17.66411591,32.82727814,57.95221329,400.934082,1499.428955,0.074082635,100.7973862,-0.951345205,0.03966935,1,-0.219565243,2.737391472,1,0,0.159999996,111115,0.66822347,0.00520941,298.2686123,297.5753216,239.9086275,0.026933199,3.202232457,31.76900294,14.10488703,24.77196693,3.136705404,0.360205037,1.780496712,1.356208692,0.229308957,27.62347422,0.775895737,60.25041387,345.3526343,0.028815707
42,POPAND,A,0,16.13818369,0.558259416,293.7253624,4.875385145,1.02720767,24.71338844,6,1.420000017,1,2.840000033,24.23070145,24.71338844,24.07857704,379.8285522,353.0424194,13.63581753,20.7960186,45.3118782,69.1052475,400.044342,1499.610596,0.089098431,100.9107132,-2.626976252,0.031433374,1,-0.219565243,2.737391472,1,0,0.159999996,111115,0.66674057,0.004875385,297.8633884,297.3807014,239.9376899,0.230512251,3.125748739,30.97539042,10.17937182,24.47204494,3.080959268,0.466549651,2.098541069,0.9824182,0.298646049,29.6400358,0.831983202,71.80603969,345.3710998,0.033552867
43,PILAD,A,0,12.73263293,0.218538226,252.6735813,2.929198505,1.421610703,24.25584412,6,1.420000017,1,2.840000033,24.54676437,24.25584412,24.06489754,379.6567383,359.0274658,11.75289345,16.0662365,38.28583908,52.3368454,400.9146423,1500.218628,0.013014442,100.814064,-0.902726889,0.064157799,1,-0.219565243,2.737391472,1,0,0.159999996,111115,0.668191071,0.002929199,297.4058441,297.6967644,240.0349751,1.353830955,3.041313298,30.16754981,14.10131331,24.40130424,3.067937712,0.202923265,1.619702595,1.448235117,0.128143226,25.4730506,0.703772289,55.56948452,352.9749819,0.020045212
44,PILAD,A,0,11.96287825,0.185878761,247.1073509,1.864749788,1.05065763,24.25070763,6,1.420000017,1,2.840000033,24.51371384,24.25070763,24.07501793,379.9186707,361.0057983,17.00109863,19.73705292,55.49035263,64.42030334,400.8718567,1499.497803,0.095106274,100.8113632,-2.360341787,0.09334214,1,-0.219565243,2.737391472,1,0,0.159999996,111115,0.668119761,0.00186475,297.4007076,297.6637138,239.9196431,1.905402561,3.040376841,30.15906881,10.4220159,24.38221073,3.064431339,0.174460288,1.989719211,1.074712128,0.110009117,24.91122891,0.684496903,66.73612269,355.319219,0.0224687
45,PILAD,A,0,11.09418325,0.124282017,209.1400728,1.475556814,1.206740168,26.78474426,6,1.420000017,1,2.840000033,24.5888958,26.78474426,24.07482719,380.4000854,362.9552002,21.04031563,23.20232964,68.02570343,75.01573181,399.9938354,1499.102783,0.05806344,100.3097076,2.573629379,0.084521353,1,-0.219565243,2.737391472,1,0,0.159999996,111115,0.666656392,0.001475557,299.9347443,297.7388958,239.85644,1.76719587,3.53415907,35.23247304,12.0301434,25.68682003,3.312230811,0.119071305,2.327418902,0.984811908,0.074870807,20.97877955,0.576214565,66.30196989,357.6815568,0.020564835
46,PILAND,A,0,15.06078357,0.211019717,228.1021102,2.628833535,1.291353757,26.42669296,6,1.420000017,1,2.840000033,24.55563545,26.42669296,24.06642342,379.6912842,355.7506714,17.99397087,21.84251022,57.70786285,70.05038452,400.8918152,1500.266602,0.170193598,99.30387878,1.546327114,0.112583876,1,-0.219565243,2.737391472,1,0,0.159999996,111115,0.668153025,0.002628834,299.576693,297.7056355,240.0426509,1.213568158,3.460399744,34.84657182,13.0040616,25.49116421,3.273987274,0.19642482,2.169045988,1.104941286,0.123998338,22.6514243,0.641185326,64.24967533,348.5914962,0.027758866
47,PILAND,A,0,10.98915051,0.133454989,219.4967401,1.743102267,1.333017752,26.84061432,6,1.420000017,1,2.840000033,24.64396477,26.84061432,24.05387878,380.3109741,362.8775635,19.49191284,22.04904556,62.84192276,71.08612061,399.9796753,1500.20459,0.117125794,100.3568878,2.531080246,0.090334952,1,-0.219565243,2.737391472,1,0,0.159999996,111115,0.666632792,0.001743102,299.9906143,297.7939648,240.032729,1.629438937,3.545791344,35.33181849,13.28277293,25.74228954,3.323143815,0.127465245,2.212773592,1.110370223,0.080183104,22.02800972,0.604878235,63.03233139,357.6538476,0.0193671
48,PILAND,A,0,10.94210108,0.13923486,224.2656187,1.978053394,1.45267627,26.96222687,6,1.420000017,1,2.840000033,24.57082367,26.96222687,24.05295372,379.7191162,362.2293091,18.21325684,21.1179924,58.95505524,68.35748291,399.9567261,1500.751953,0.213225469,100.3197021,3.96373558,0.079541266,1,-0.219565243,2.737391472,1,0,0.159999996,111115,0.666594543,0.001978053,300.1122269,297.7208237,240.1203071,1.481221183,3.571226977,35.59846073,14.48046833,25.76652527,3.327921773,0.132727704,2.118550708,1.209371066,0.083515889,22.49826007,0.619126098,60.09210602,357.0279583,0.018416874
1,POPED,B,0,21.08672912,0.14153405,410.5850382,2.204394095,1.60082755,24.28456306,6,1.420000017,1,2.840000033,24.76830482,24.28456306,24.05068588,700.2850952,673.2167358,11.83027935,14.43577194,37.78003311,46.10067749,500.3058472,2000.021118,0.239252031,100.1488724,-3.012544632,0.228770122,1,-0.219565243,2.737391472,1,0,0.159999996,111115,0.833843079,0.002204394,297.4345631,297.9183048,320.0033718,2.707179838,3.046553832,30.42025097,15.98447903,24.52643394,3.091003721,0.134815399,1.445726282,1.645277439,0.084838549,41.11962859,0.60988537,48.80052456,663.1931147,0.015516498
2,POPED,B,0,21.22729299,0.140987849,410.0943512,1.909363936,1.399272783,25.86869812,6,1.420000017,1,2.840000033,24.29511642,25.86869812,24.07290077,700.4663086,673.4707031,17.03413391,19.27951431,56.48336792,63.92881012,500.3746338,1998.694214,0.171195507,101.0843887,-0.793267727,0.356923223,1,-0.219565243,2.737391472,1,0,0.159999996,111115,0.833957723,0.001909364,299.0186981,297.4451164,319.7910671,2.574889306,3.348130702,33.12213433,13.84262001,25.08190727,3.195237879,0.134319733,1.948857919,1.24637996,0.084524495,41.45413681,0.608926787,59.11267341,663.3802647,0.018915275
3,POPED,B,0,20.57506861,0.128294776,396.77467,1.444206989,1.160607621,23.83870316,6,1.420000017,1,2.840000033,23.74027061,23.83870316,24.07404137,699.1446533,673.3068237,16.16963768,17.8704567,55.40443039,61.23219681,500.3701172,2000.037964,0.174187988,101.031044,-3.086433649,0.643228889,1,-0.219565243,2.737391472,1,0,0.159999996,111115,0.833950195,0.001444207,296.9887032,296.8902706,320.0060671,3.028217138,2.966078518,29.35809035,11.48763365,23.78948689,2.957310216,0.122749657,1.805470897,1.151839319,0.077198177,40.08655914,0.589292513,61.65641946,663.5264215,0.019118833
4,POPEND,B,0,22.23122534,0.156070589,417.6157823,2.55009781,1.686543604,24.30888939,6,1.420000017,1,2.840000033,24.85806847,24.30888939,24.05417442,699.8637695,671.1509399,10.62123966,13.63768673,33.70448303,43.27659988,500.3211365,2000.083374,0.013014121,100.050354,-2.844224453,0.224772319,1,-0.219565243,2.737391472,1,0,0.159999996,111115,0.833868561,0.002550098,297.4588894,298.0080685,320.0133327,2.535286448,3.050998989,30.49463462,16.85694789,24.58347893,3.101569418,0.147940597,1.364455385,1.737114033,0.093160477,41.78260686,0.622238244,46.41881244,660.5832801,0.015621756
5,POPEND,B,0,28.02367675,0.171234535,372.5837836,2.926028402,1.767448408,26.90617752,6,1.420000017,1,2.840000033,24.74443626,26.90617752,24.05470276,698.7687988,662.8381958,14.43371296,17.87975121,46.19593048,57.22517395,500.3505249,2001.108765,0.071076274,100.2271194,-3.429832935,0.210097179,1,-0.219565243,2.737391472,1,0,0.159999996,111115,0.833917542,0.002926028,300.0561775,297.8944363,320.1773952,1.964383452,3.559484367,35.51418405,17.63443285,25.82530689,3.339535226,0.161497245,1.79203596,1.547499266,0.101767665,37.34299938,0.562103672,51.88446304,649.517082,0.022385761
6,POPEND,B,0,26.4401816,0.172268616,392.0309146,2.954443838,1.77461725,26.87761116,6,1.420000017,1,2.840000033,24.72292519,26.87761116,24.05470657,699.6880798,665.6220398,14.26912785,17.74928284,45.72623825,56.87859726,500.3233337,2000.672974,0.139151126,100.2235031,-3.429832935,0.210097179,1,-0.219565243,2.737391472,1,0,0.159999996,111115,0.833872223,0.002954444,300.0276112,297.8729252,320.1076686,1.949862737,3.553512554,35.45588054,17.70659771,25.80026817,3.334584019,0.162416747,1.778895304,1.555688716,0.102351894,39.29071159,0.588969252,51.62941966,653.0536438,0.020903202
7,PILED,B,0,23.25674046,0.106181581,299.2104335,1.424309533,1.3615648,26.57145309,6,1.420000017,1,2.840000033,24.41311455,26.57145309,24.07071304,700.6607056,671.6258545,19.47459984,21.14640999,63.84843445,69.3295517,500.3644104,1998.753906,0.201224551,100.6550217,-0.629705191,0.555620015,1,-0.219565243,2.737391472,1,0,0.159999996,111115,0.833940684,0.00142431,299.7214531,297.5631145,319.8006179,2.745176247,3.490057156,34.67345293,13.52704294,25.49228382,3.274205015,0.102354754,2.128492356,1.14571266,0.064304872,30.11703267,0.445501661,61.31361942,660.5707139,0.021586711
8,PILED,B,0,24.755558,0.106719267,275.080437,1.406142329,1.337807995,26.44699669,6,1.420000017,1,2.840000033,24.39439201,26.44699669,24.07086182,699.248291,668.4382324,19.4793129,21.12971687,63.93331146,69.35012054,500.3978271,2000.58606,0.223252341,100.6515198,-0.629705191,0.555620015,1,-0.219565243,2.737391472,1,0,0.159999996,111115,0.833996379,0.001406142,299.5969967,297.544392,320.0937624,2.773133726,3.464546111,34.42120018,13.29148331,25.42069435,3.260307807,0.10285429,2.126738116,1.133569691,0.064620351,27.68726404,0.411527085,61.72101274,656.6706258,0.023267953
9,PILED,B,0,22.01420231,0.117292243,349.5669456,1.583862812,1.37398756,26.83381271,6,1.420000017,1,2.840000033,24.40689659,26.83381271,24.08044434,699.5818634,671.9103973,19.72236443,21.58046341,64.63134003,70.72044373,500.4089661,1999.459351,0.012013461,100.5717926,2.091216564,0.529483616,1,-0.219565243,2.737391472,1,0,0.159999996,111115,0.834014943,0.001583863,299.9838127,297.5568966,319.9134889,2.62551613,3.54437345,35.24222208,13.66175867,25.62035465,3.299195733,0.112640194,2.17038589,1.128809843,0.070803803,35.15657436,0.520258277,61.68357463,661.4458999,0.02052949
10,PILEND,B,0,19.63881263,0.103462605,349.2318316,1.630154824,1.589034061,27.55652809,6,1.420000017,1,2.840000033,24.57775116,27.55652809,24.07435226,700.6044922,675.7328491,19.12982368,21.0435524,61.82926559,68.01460266,500.3375549,1999.303711,0.211235896,100.2110977,0.795654535,0.570687771,1,-0.219565243,2.737391472,1,0,0.159999996,111115,0.833895925,0.001630155,300.7065281,297.7277512,319.8885866,2.521814849,3.697831547,36.90041952,15.85686713,26.06713963,3.387687219,0.099825898,2.108797486,1.278889733,0.062708038,34.9969052,0.516819379,57.30135028,666.3974982,0.016886775
11,PILEND,B,0,26.50965823,0.133043488,328.5510023,1.23793669,0.952130726,27.72691345,6,1.420000017,1,2.840000033,24.49411201,27.72691345,24.06904221,700.6443176,667.8626709,26.1060791,27.54970551,85.47390747,90.20049286,500.3366089,2000.524048,0.152164444,101.0069962,-0.213332415,0.551650107,1,-0.219565243,2.737391472,1,0,0.159999996,111115,0.833894348,0.001237937,300.8769135,297.644112,320.0838405,2.692872537,3.734843724,36.97608944,9.426383937,26.11051273,3.396387188,0.127089802,2.782712998,0.613674189,0.079945399,33.18594982,0.491943953,74.8357592,655.261249,0.030276022
12,PILEND,B,0,26.30941606,0.136501555,332.3645623,2.185178953,1.637876984,27.01094627,6,1.420000017,1,2.840000033,24.49647903,27.01094627,24.07182693,700.0586853,666.7635193,16.79199982,19.36155128,54.63169098,62.99155807,500.3683777,1499.210815,0.065072373,100.3837128,2.333326578,0.09725672,1,-0.219565243,2.737391472,1,0,0.159999996,111115,0.833947296,0.002185179,300.1609463,297.646479,239.8737251,1.353601323,3.581461387,35.67771392,16.31616264,25.75371265,3.32539508,0.130241631,1.943584403,1.381810677,0.081941203,33.36398876,0.498474426,55.13038007,654.2572829,0.022169384
13,POPED,B,0,26.98196641,0.278034782,488.0425997,2.632119753,1.015432549,26.87844849,6,1.420000017,1,2.840000033,24.72766876,26.87844849,24.04831123,700.2614136,665.8021851,22.11832428,25.19531441,71.22673035,81.13543701,500.3206177,2001.033447,0.303325683,100.7431335,-2.819453716,0.706062675,1,-0.219565243,2.737391472,1,0,0.159999996,111115,0.833867696,0.00263212,300.0284485,297.8776688,320.1653444,2.119033369,3.553687473,35.27473633,10.07942192,25.80305862,3.335135491,0.253242454,2.538254924,0.796880567,0.160331693,49.1669408,0.733014416,73.16245785,652.9762505,0.030231834
14,POPED,B,0,25.95105367,0.19881326,435.2646992,2.246683876,1.183369544,24.00381088,6,1.420000017,1,2.840000033,24.61185265,24.00381088,24.06123352,700.114099,667.1950793,15.42825222,18.07385635,49.7938118,58.33234787,500.3192139,2000.19165,0.207224786,100.2713852,0.056983471,0.162190303,0,-0.219565243,2.737391472,1,0,0.159999996,111105,0.833865356,0.002246684,297.1538109,297.7618526,320.0306569,2.702989819,2.995660157,29.87552382,11.80166746,24.30783176,3.050805611,0.185805975,1.812290612,1.238514999,0.11723127,43.64459432,0.65237996,62.17481224,654.8591913,0.024638913
15,POPED,B,0,27.35047398,0.221968446,440.1678622,3.290577708,1.563368172,26.486866,6,1.420000017,1,2.840000033,24.57384682,26.486866,24.06440926,699.9127808,664.4876709,15.12594795,18.99751472,49.04288864,61.59568024,500.272644,1998.761108,0.237282455,100.5043335,0.651850939,0.360768706,1,-0.219565243,2.737391472,1,0,0.159999996,111115,0.83378774,0.003290578,299.636866,297.7238468,319.8017702,1.805635714,3.472700728,34.55274621,15.55523148,25.53035641,3.281616862,0.205877493,1.909332555,1.372284307,0.130028425,44.23877762,0.662416899,57.09594513,651.4865655,0.023969814
16,POPEND,B,0,19.38808475,0.210778454,512.3679615,1.403458639,0.701648579,24.50545692,6,1.420000017,1,2.840000033,24.65136909,24.50545692,24.05109406,700.0125122,675.6241455,22.01445007,23.65773392,71.27967072,76.60038757,500.3113708,2000.50769,0.118125953,100.8328934,-2.330746651,0.684110999,0.5,-0.219565243,2.737391472,1,0,0.159999996,111115,0.833852285,0.001403459,297.6554569,297.8013691,320.0812233,3.080514094,3.08712634,30.61626258,6.958528666,24.57841301,3.100629848,0.196215759,2.385477761,0.715152087,0.123865039,51.66354403,0.758362419,78.25190461,666.4079786,0.022766152
17,POPEND,B,0,27.03951904,0.292405546,492.7435757,3.322820655,1.22432826,26.50311089,6,1.420000017,1,2.840000033,24.61293793,26.50311089,24.05945969,700.2763672,665.1984253,18.49897575,22.39463425,59.86426544,72.47094727,500.3119202,1999.42395,0.205231801,100.546402,3.600623608,0.366645366,1,-0.219565243,2.737391472,1,0,0.159999996,111115,0.8338532,0.003322821,299.6531109,297.7629379,319.9078249,1.793068483,3.476028157,34.57138285,12.17674861,25.55802441,3.287012371,0.26510991,2.251699897,1.035312474,0.167947355,49.54359363,0.740746756,67.12963369,652.3451329,0.027825041
18,POPEND,B,0,24.28046711,0.278780429,504.8813886,3.20143505,1.231854275,26.50463867,6,1.420000017,1,2.840000033,24.58024597,26.50463867,24.05965996,699.3055801,667.6237946,18.57034874,22.32398605,60.20989227,72.38015747,500.3093262,2000.419434,0.257291079,100.5414963,3.962081432,0.340240031,0,-0.219565243,2.737391472,1,0,0.159999996,111115,0.833848877,0.003201435,299.6546387,297.730246,320.0671022,1.853630412,3.476341236,34.57618361,12.25219756,25.54244232,3.283972772,0.253860904,2.244486961,1.039485811,0.16072834,50.76153025,0.756236361,66.78721019,656.0820234,0.024716798
19,PILED,B,0,20.46451036,0.102432238,333.4990478,1.269128027,1.251549336,26.92000771,6,1.420000017,1,2.840000033,24.50731659,26.92000771,24.07099152,698.8796387,673.31604,21.52174377,23.00853729,70.00895691,74.84540558,500.3763733,2000.176392,0.208233356,100.4335632,0.118964195,0.5619753,1,-0.219565243,2.737391472,1,0,0.159999996,111115,0.833960622,0.001269128,300.0700077,297.6573166,320.0282155,2.792189073,3.562378721,35.47000232,12.46146503,25.71366215,3.317507781,0.098866357,2.310829385,1.006678396,0.062102248,33.49449771,0.495308337,65.06927846,663.5881919,0.020066827
20,PILED,B,0,21.45146029,0.109293848,338.0986919,1.340780496,1.23508138,28.01581192,6,1.420000017,1,2.840000033,24.64099312,28.01581192,24.06669235,699.5376587,672.7312927,24.03317833,25.59988785,77.3197403,82.36017609,500.3314209,1999.759277,0.103112936,100.1276932,2.198185205,0.551066875,1,-0.219565243,2.737391472,1,0,0.159999996,111115,0.833885701,0.00134078,301.1658119,297.7909931,319.9614772,2.616486376,3.798339096,37.93495062,12.33506277,26.32840252,3.440388365,0.105243677,2.563257716,0.877130649,0.066129573,33.85304208,0.502576133,67.66130848,662.5342959,0.021907302
21,PILED,B,0,21.61290738,0.109490303,330.2212026,1.356998939,1.249157471,26.85526276,6,1.420000017,1,2.840000033,24.68390656,26.85526276,24.05722618,700.4710083,666.6908569,21.01447296,23.00336838,67.32978058,73.70215607,399.9556885,1500.075562,0.091099389,99.97184753,-2.04412365,0.062229417,1,-0.219565243,2.737391472,1,0,0.159999996,111115,0.666592814,0.001356999,300.0052628,297.8339066,240.0120845,1.833731447,3.548846708,35.49846077,12.49509239,25.76958466,3.328525343,0.105425829,2.299689236,1.028836107,0.066244642,33.01282372,0.495313831,65.08642452,656.4171159,0.021430076
22,PILEND,B,0,20.23981127,0.136544128,419.1189964,1.466633117,1.106640678,26.60892487,6,1.420000017,1,2.840000033,24.55628967,26.60892487,24.07107353,701.3060303,675.8453369,21.89954567,23.6168251,71.60469055,77.2196579,500.3248291,1998.588135,0.185202345,101.2468643,-7.656004906,0.554609835,1,-0.219565243,2.737391472,1,0,0.159999996,111115,0.833874715,0.001466633,299.7589249,297.7062897,319.7740944,2.736747132,3.497770165,34.54694809,10.93012298,25.58260727,3.291812751,0.130280388,2.391129487,0.900683264,0.081965749,42.43448416,0.620140398,68.90870778,666.2243,0.02093438
23,PILEND,B,0,23.19555623,0.113814665,313.6555064,1.760543561,1.554239014,26.7020874,6,1.420000017,1,2.840000033,24.50799751,26.7020874,24.05403519,699.8934326,663.4328979,17.17430496,19.75693893,55.25974655,63.56958389,400.9303589,1499.645874,0.107117318,99.34594727,3.109601498,0.127760649,1,-0.219565243,2.737391472,1,0,0.159999996,111115,0.668217265,0.001760544,299.8520874,297.6579975,239.9433345,1.620360452,3.517010827,35.40165376,15.64471482,25.60504246,3.29619909,0.109429224,1.962771813,1.333427277,0.068774198,31.1604034,0.472776535,56.30567828,652.4068414,0.02001882
24,PILEND,B,0,20.54742444,0.097608406,320.5028296,0.813968054,0.844347407,27.09761429,6,1.420000017,1,2.840000033,24.55088425,27.09761429,24.0706768,699.3571777,674.059082,26.31408501,27.26357079,85.91179657,89.01173401,500.3401184,2001.526978,0.087097116,101.0646591,0.060737014,0.549889624,1,-0.219565243,2.737391472,1,0,0.159999996,111115,0.833900197,0.000813968,300.2476143,297.7008842,320.2443092,3.012579398,3.599730895,35.61809763,8.35452684,25.82424927,3.339325959,0.094365155,2.755383488,0.583942471,0.059261278,32.39150922,0.475481806,76.58741208,664.2918205,0.023689499
25,POPAD,B,0,12.82272,0.224483996,260.7523075,2.321341303,1.099391443,24.19520569,6,1.420000017,1,2.840000033,23.89168739,24.19520569,24.07340622,380.2347598,363.8481014,16.38602066,19.11602402,55.62442398,64.89176178,500.4315796,1999.667847,0.035038959,101.0085907,-0.786056042,0.62663877,0,-0.219565243,2.737391472,1,0,0.159999996,111105,0.834052633,0.002321341,297.3452057,297.0416874,319.9468483,2.539740442,3.030274088,30.00016204,10.88413802,24.04344654,3.002799782,0.208039772,1.930882646,1.071917136,0.131408614,26.3382231,0.716651555,65.53089453,357.7527944,0.023487848
26,POPAD,B,0,11.24669713,0.26903794,285.4177207,3.474414296,1.37244803,26.81024742,6,1.420000017,1,2.840000033,24.69680023,26.81024742,24.05691338,380.0019013,364.9931779,17.60869026,21.68511009,56.35131836,69.39667511,500.3024292,2000.504761,0.179202124,99.93109131,3.380485058,0.327886313,0,-0.219565243,2.737391472,1,0,0.159999996,111105,0.833837382,0.003474414,299.9602474,297.8468002,320.0807546,1.684481209,3.539464747,35.41905428,13.73394418,25.75352383,3.325357855,0.245756972,2.167016717,1.158341139,0.155532824,28.52210431,0.781980974,63.53878689,359.6470367,0.019869523
27,POPAD,B,0,14.94409704,0.265660109,258.0454469,2.527541844,1.016499975,26.81795502,6,1.420000017,1,2.840000033,24.69709396,26.81795502,24.0569725,379.3566895,360.3424683,22.10651588,25.06174469,71.31241608,80.84555817,500.3058777,1999.537598,0.107114084,100.7339935,1.521900654,0.691896796,0,-0.219565243,2.737391472,1,0,0.159999996,111115,0.833843129,0.002527542,299.967955,297.847094,319.9260085,2.175085724,3.541069603,35.15267765,10.09093296,25.75752449,3.326146613,0.242935378,2.524569627,0.801576985,0.153724884,25.99394838,0.71611167,72.93465325,353.2387602,0.030855689
28,POPAND,B,0,19.99459672,0.318003562,234.8983144,5.569802277,1.906020073,25.94366837,6,1.420000017,1,2.840000033,24.55457497,25.94366837,24.05753136,380.5375557,354.1898651,7.946815491,14.53017712,25.73672295,47.05773926,500.2494812,1999.61731,0.206226468,100.2745667,3.492619514,0.310677409,0.5,-0.219565243,2.737391472,1,0,0.159999996,111115,0.833749135,0.005569802,299.0936684,297.704575,319.9387624,0.691048905,3.363027287,33.53818819,19.00801107,25.24912167,3.227211054,0.285981348,1.457007214,1.770203841,0.181363633,23.55432669,0.663198859,47.77623276,344.6853914,0.027714157
29,POPAND,B,0,16.72301418,0.326380327,259.0379868,5.656175846,1.891107402,25.89896011,6,1.420000017,1,2.840000033,24.52991867,25.89896011,24.05526352,380.9760235,358.4894471,7.904745102,14.58889771,25.64060974,47.32198715,500.3169861,1999.520264,0.219240934,100.2837524,2.882549763,0.308299899,0.5,-0.219565243,2.737391472,1,0,0.159999996,111105,0.833861643,0.005656176,299.0489601,297.6799187,319.923235,0.648617636,3.354136808,33.44646292,18.85756521,25.21443939,3.220556553,0.29273809,1.463029406,1.757527147,0.18571307,25.97730134,0.722581903,48.18580757,350.5401271,0.022987723
30,POPAND,B,0,11.94642361,0.284448482,287.4520765,2.378437154,0.906470601,23.91940308,6,1.420000017,1,2.840000033,24.18685532,23.91940308,24.06564713,380.5195012,365.1524653,17.72783661,20.52141571,59.15616608,68.47808075,500.3534546,2000.71875,0.212237969,101.0668335,2.933454752,0.320851445,0,-0.219565243,2.737391472,1,0,0.159999996,111105,0.833922424,0.002378437,297.0694031,297.3368553,320.1149928,2.589440142,2.980505105,29.49043719,8.969021482,24.0531292,3.004546192,0.258552411,2.074034505,0.930511687,0.163738087,29.05187116,0.787211107,71.64648869,359.4737077,0.023810345
31,PILAD,B,0,16.93297107,0.180135777,195.5733529,2.458287959,1.41248558,27.39129639,6,1.420000017,1,2.840000033,24.58059311,27.39129639,24.06774902,381.9113464,360.5447235,19.55207634,22.43361473,63.22999954,72.54868317,500.3868103,2000.349365,0.114125893,100.2851944,2.260718822,0.537137508,0.666666687,-0.219565243,2.737391472,1,0,0.159999996,111115,0.833978017,0.002458288,300.5412964,297.7305931,320.0558913,2.116341373,3.662244995,36.5183018,14.08468706,25.98594475,3.371453102,0.169391592,2.249759414,1.121693688,0.106785318,19.61311171,0.542438538,62.63007701,352.4956,0.030085859
32,PILAD,B,0,10.82188292,0.0934502,170.6448068,1.097245007,1.179622886,27.79261017,6,1.420000017,1,2.840000033,24.91410828,27.79261017,24.06935883,379.8228455,366.3373016,24.30241203,25.5870285,77.14945984,81.22754669,499.3722839,2000.206909,0.313350052,100.4250259,2.871950626,0.559068024,1,-0.219565243,2.737391472,1,0,0.159999996,111115,0.83228714,0.001097245,300.9426102,298.0641083,320.0330983,2.81259216,3.749200887,37.33333252,11.74630402,26.35335922,3.445459812,0.09047318,2.569578001,0.875881811,0.056805875,17.13700915,0.465813353,68.54956776,361.1930968,0.020538471
33,PILAD,B,0,12.38482328,0.124873702,192.3935946,1.795108587,1.461512675,27.01115608,6,1.420000017,1,2.840000033,24.74520302,27.01115608,24.06062698,379.3256226,363.6899414,19.0426445,21.14992905,60.9499321,67.69473267,500.3051453,2001.154297,0.103112556,100.2364044,2.470057964,0.556689739,1,-0.219565243,2.737391472,1,0,0.159999996,111115,0.833841909,0.001795109,300.1611561,297.895203,320.1846803,2.539075279,3.581505516,35.73058647,14.58065743,25.87817955,3.350011472,0.119614307,2.119992841,1.230018631,0.075214321,19.28484215,0.529004442,59.76726164,357.8027896,0.020687569
34,PILAND,B,0,18.09079459,0.166425602,168.0289954,2.394891185,1.483991943,27.41596413,6,1.420000017,1,2.840000033,24.59140587,27.41596413,24.06983185,379.7450256,357.026886,18.95172882,21.76097488,61.28378677,70.36798096,500.3711243,2000.794922,0.302343011,100.3423233,-1.892711401,0.544614315,1,-0.219565243,2.737391472,1,0,0.159999996,111115,0.833951874,0.002394891,300.5659641,297.7414059,320.1271803,2.14816814,3.66753872,36.55026712,14.78929224,26.003685,3.374994278,0.157212841,2.183546777,1.1914475,0.099046187,16.86041978,0.470634011,60.62912253,348.4273887,0.031479414
35,PILAND,B,0,11.02252108,0.1569197,242.2765363,1.677028284,1.09498312,28.0676918,6,1.420000017,1,2.840000033,24.92736053,28.0676918,24.06389809,379.4032326,365.4241409,25.09212494,27.0524559,79.53824615,85.7522049,499.403595,1998.906616,0.207227871,100.3553085,2.505734682,0.535470307,1,-0.219565243,2.737391472,1,0,0.159999996,111115,0.832339325,0.001677028,301.2176918,298.0773605,319.8250514,2.471046485,3.809840678,37.96351916,10.91106326,26.49752617,3.47488393,0.148703333,2.714857559,0.760026371,0.093644426,24.31373655,0.663000905,71.84882963,360.1845623,0.021987484
36,PILAND,B,0,12.68650295,0.17466598,236.0048998,1.788675092,1.055284596,28.03404808,6,1.420000017,1,2.840000033,24.9185257,28.03404808,24.06614304,379.5305974,363.5076075,25.28396225,27.37408829,80.18739319,86.81616974,499.4086609,1999.38501,0.291312426,100.3538055,2.116811991,0.529839814,1,-0.219565243,2.737391472,1,0,0.159999996,111105,0.832347768,0.001788675,301.1840481,298.0685257,319.9015944,2.41746066,3.802378529,37.88972933,10.51564104,26.47628689,3.470535312,0.164546051,2.747093933,0.723441379,0.103705009,23.68398983,0.649243358,72.9727641,357.4770515,0.025897304
38,POPAD,B,0,13.06491241,0.199844758,245.3737481,2.602835706,1.372585791,25.60593605,6,1.420000017,1,2.840000033,24.16394997,25.60593605,24.07415199,379.7974722,362.9974947,15.97269821,19.03451538,53.37355042,63.60476303,500.3483582,1998.809326,0.191213652,101.0684052,2.566473484,0.322013974,0.5,-0.219565243,2.737391472,1,0,0.159999996,111105,0.83391393,0.002602836,298.7559361,297.31395,319.809485,2.232214692,3.296373904,32.61527575,13.58076037,24.88494301,3.157931558,0.186706611,1.923788112,1.234143445,0.117804933,24.79953339,0.675965404,60.06690788,356.7870611,0.021995441
38,POPAD,B,0,12.14630039,0.291493745,285.7546972,3.174718147,1.170374082,26.0636673,6,1.420000017,1,2.840000033,24.42611122,26.0636673,24.05558395,380.4014897,364.4477367,18.38578415,22.10883141,59.99505615,72.14381409,500.3206177,1999.862305,0.167189598,100.2593689,3.234791279,0.329609841,0,-0.219565243,2.737391472,1,0,0.159999996,111105,0.833867696,0.003174718,299.2136673,297.5761112,319.9779616,1.907265997,3.386991566,33.78229489,11.67346349,25.24488926,3.226398338,0.264360176,2.216617484,1.009780854,0.167465956,28.6495856,0.784075927,67.76061225,358.6739673,0.022946766
39,POPAD,B,0,16.04501852,0.272238633,252.7100783,2.151281641,0.852789041,24.07330704,6,1.420000017,1,2.840000033,24.3048687,24.07330704,24.06497765,379.101593,358.9338684,18.80308151,21.32794571,62.29746246,70.66271973,500.3197937,2000.806396,0.226257667,101.0598679,-0.1327281,0.360934377,1,-0.219565243,2.737391472,1,0,0.159999996,111115,0.833866323,0.002151282,297.223307,297.4548687,320.1290163,2.703121804,3.008188416,29.76639966,8.43845395,24.18908787,3.029162289,0.248424947,2.155399375,0.873762913,0.157242814,25.53884712,0.70405749,73.45264807,351.306835,0.033547571
40,POPAND,B,0,12.16019875,0.266202604,275.3109944,4.825141767,1.941192875,25.72428703,6,1.420000017,1,2.840000033,24.62249184,25.72428703,24.05651665,380.9748205,364.2843108,8.040636063,13.74744606,25.93288231,44.33864594,500.3294373,1999.845459,0.190214977,100.2663116,2.872786522,0.321368098,0,-0.219565243,2.737391472,1,0,0.159999996,111105,0.833882395,0.004825142,298.874287,297.7724918,319.9752663,1.119402907,3.319598586,33.10781589,19.36036983,25.17338943,3.212695777,0.243388952,1.378405711,1.834290066,0.154015477,27.60441797,0.755758583,45.2521276,358.5039347,0.0153492
41,POPAND,B,0,16.76553826,0.186912264,200.2875084,2.648333928,1.487056663,25.78451347,6,1.420000017,1,2.840000033,24.22327614,25.78451347,24.07628441,379.8230286,358.5827332,15.13340569,18.25077438,50.38497162,60.76390457,500.4219971,2000.240356,0.172205061,101.0595627,-2.323910475,0.353548169,1,-0.219565243,2.737391472,1,0,0.159999996,111115,0.834036662,0.002648334,298.9345135,297.3732761,320.0384499,2.19428217,3.331471941,32.96543002,14.71465563,25.00389481,3.180416001,0.175370405,1.844415278,1.336000723,0.110588148,20.24096801,0.558553131,57.01903116,350.6131992,0.027265224
42,POPAND,B,0,12.616936,0.324254585,289.7153102,2.620109943,0.872429956,24.11146164,6,1.420000017,1,2.840000033,24.74030113,24.11146164,24.06290054,378.960083,362.6882324,18.46307564,21.53782463,58.66814804,68.43844604,500.2707825,1999.131226,0.07608334,99.48340607,3.433407307,0.378764808,1,-0.219565243,2.737391472,1,0,0.159999996,111115,0.833784637,0.00262011,297.2614616,297.8903011,319.8609889,2.508147298,3.015086109,30.30742742,8.769602792,24.42588139,3.072456272,0.291026843,2.142656154,0.929800118,0.184611224,28.82186585,0.798799862,73.33851617,356.6907453,0.025941446
43,PILAD,B,0,16.27414257,0.142995723,164.8903539,1.580856926,1.130732683,27.26951408,6,1.420000017,1,2.840000033,24.64831352,27.26951408,24.06332016,379.8717346,359.6740417,23.09459496,24.94306183,74.5050354,80.46833801,500.3364258,2001.224121,0.08108934,100.4477844,-0.053307772,0.575437367,1,-0.219565243,2.737391472,1,0,0.159999996,111115,0.833894043,0.001580857,300.4195141,297.7983135,320.1958522,2.60126032,3.63620798,36.19998192,11.25692009,25.9589138,3.366063627,0.136140944,2.505475297,0.86058833,0.085678495,16.56287073,0.458443854,69.4605532,351.9380938,0.032119596
44,PILAD,B,0,12.44079633,0.18092691,242.1537929,2.342007863,1.345001738,26.67190552,6,1.420000017,1,2.840000033,24.38171387,26.67190552,24.08291435,380.7437477,364.8017273,18.79774284,21.54550171,61.66284943,70.67640686,500.3819275,1999.031982,0.180200174,100.520546,1.563105822,0.52064687,1,-0.219565243,2.737391472,1,0,0.159999996,111115,0.833969879,0.002342008,299.8219055,297.5317139,319.84511,2.248964455,3.510767332,34.92586813,13.38036642,25.52680969,3.280925781,0.170090982,2.165765595,1.115160186,0.107230046,24.34143147,0.663795631,62.93722165,358.8879685,0.021817091
45,PILAD,B,0,12.00576201,0.15254023,226.8769235,1.701824433,1.145985482,26.64208603,6,1.420000017,1,2.840000033,24.52028084,26.64208603,24.07572556,379.2550354,364.1146423,21.49604416,23.48893356,69.85767365,76.33414459,500.3339539,1998.865479,0.167189404,100.4142151,-2.698898315,0.544902623,1,-0.219565243,2.737391472,1,0,0.159999996,111115,0.833889923,0.001701824,299.792086,297.6702808,319.8184694,2.605156276,3.504608309,34.90151575,11.41258219,25.58118343,3.291534546,0.144764722,2.358622827,0.932911719,0.091145817,22.7816682,0.623092008,68.0341639,358.4076781,0.022789746
46,PILAND,B,0,14.23104109,0.192226414,231.9798904,1.984501152,1.074533674,26.5174942,6,1.420000017,1,2.840000033,24.47924232,26.5174942,24.08179283,380.4183502,362.4914856,21.61960983,23.94223022,70.44086456,78.00841522,500.3799438,1999.04187,0.196228102,100.426857,2.229995728,0.548511326,1,-0.219565243,2.737391472,1,0,0.159999996,111115,0.833966573,0.001984501,299.6674942,297.6292423,319.8466921,2.470133727,3.478976605,34.6418947,10.69966448,25.49836826,3.275388532,0.18004032,2.404442931,0.870945601,0.113560068,23.29701128,0.639959557,70.19860081,355.7267302,0.028083332
47,PILAND,B,0,15.8528869,0.144225631,170.4265424,2.021907842,1.43776666,26.92903137,6,1.420000017,1,2.840000033,24.38840103,26.92903137,24.06718445,380.033905,360.1508179,18.79719543,21.17042351,61.59114838,69.36730194,500.3572693,2001.196045,0.097108781,100.4468155,-0.987753153,0.553357899,1,-0.219565243,2.737391472,1,0,0.159999996,111115,0.833928782,0.002021908,300.0790314,297.538401,320.19136,2.38462428,3.564268284,35.48413423,14.31371072,25.6587162,3.306713656,0.137255302,2.126501624,1.180212032,0.086384708,17.11880346,0.473208817,60.49203174,352.6151147,0.027196036
48,PILAND,B,0,12.30742499,0.175430108,240.9739115,2.318024786,1.368931614,26.79109192,6,1.420000017,1,2.840000033,24.38368988,26.79109192,24.07660866,381.69104,365.9146423,18.85381317,21.57364845,61.78107452,70.69355774,500.328064,1999.495972,0.203225464,100.4256363,1.923257589,0.523134053,1,-0.219565243,2.737391472,1,0,0.159999996,111115,0.833880107,0.002318025,299.9410919,297.5336899,319.9193483,2.245869127,3.535478987,35.20494485,13.6312964,25.5873909,3.292747578,0.165224028,2.166547373,1.126200205,0.104135907,24.19995839,0.658552251,62.46725952,360.0642819,0.021352052
